{"since": 2018, "half_life_years": 4.0, "ridge": 1.0, "intercept": 0.16013351652343394, "gamma": 0.2506237477247912, "rho": -0.0453609081821054, "attack": {"Abkhazia": 0.24826783033375605, "Afghanistan": -0.8152539343023385, "Albania": 0.049297583587830804, "Alderney": -0.15280890238970277, "Algeria": 0.8338927451916357, "American Samoa": -1.4050575170490789, "Andorra": -0.9516737890165706, "Angola": 0.12203116990927525, "Anguilla": -1.4827289782317763, "Antigua and Barbuda": -0.8429267382343049, "Argentina": 1.117143163184459, "Armenia": 0.05975695002757459, "Artsakh": 0.10289862192931977, "Aruba": -0.4468386368420084, "Australia": 0.6946073253057559, "Austria": 0.7272431173874194, "Aymara": -0.16998446595871577, "Azerbaijan": -0.126218393853665, "Bahamas": -0.9455018046403094, "Bahrain": 0.14013691044666243, "Bangladesh": -0.8798132132475345, "Barawa": -0.08823532198041768, "Barbados": -0.5410082451364611, "Basque Country": 0.6055724850025731, "Belarus": 0.1512504479082947, "Belgium": 1.0153229827944907, "Belize": -0.6348780410793043, "Benin": 0.13507164807516, "Bermuda": -0.0526103130591716, "Bhutan": -1.2715718300320338, "Biafra": -0.28284101556436897, "Bolivia": 0.30823093065252505, "Bonaire": -0.8089327760708288, "Bosnia and Herzegovina": 0.17172185754760053, "Botswana": -0.20792642295744307, "Brazil": 1.1852821652129335, "British Virgin Islands": -0.8981158859855113, "Brunei": -1.0792593893548807, "Bulgaria": 0.08959879231041179, "Burkina Faso": 0.4733976765068326, "Burundi": -0.024702566184527933, "Cambodia": -0.5424087309697377, "Cameroon": 0.3269416334404951, "Canada": 0.6750760310041, "Cape Verde": 0.21457223054917834, "Cascadia": 0.5421819779562836, "Catalonia": 0.15341764310323475, "Cayman Islands": -1.0824205078677118, "Central African Republic": 0.09255855293269691, "Chad": -0.5299273265409683, "Chagos Islands": -0.06437016532976123, "Chameria": 0.28117207214462187, "Chile": 0.6107138036625822, "China": 0.02407281462853909, "Colombia": 1.0234195766160246, "Comoros": 0.09664568785914866, "Congo": -0.17868772999756524, "Cook Islands": -1.4002447081394562, "Costa Rica": 0.38550661081158294, "Croatia": 0.8174113383723755, "Cuba": -0.3128125471149183, "Cura\u00e7ao": 0.1440953469993236, "Cyprus": -0.06116550162459519, "Czech Republic": 0.6362461338422416, "DR Congo": 0.22429424189813182, "Denmark": 0.8006792856359012, "Djibouti": -0.3537639057830879, "Dominica": -0.8788910026691193, "Dominican Republic": -0.01469644190530093, "East Turkestan": 0.35713437009682814, "Ecuador": 0.615694846906141, "Egypt": 0.4578793699744962, "El Salvador": -0.3516314642357378, "Elba Island": 0.522704197941119, "Ellan Vannin": 0.11426088280788259, "England": 0.9939907039002849, "Equatorial Guinea": -0.1046507901126908, "Eritrea": -0.15200063254263282, "Estonia": -0.146025020184677, "Eswatini": -0.1709052158261363, "Ethiopia": -0.050516064251850096, "Falkland Islands": -0.21668479269590427, "Faroe Islands": -0.22588337770710737, "Fiji": -0.29977586626754804, "Finland": 0.24257484526394296, "France": 1.0509248601276695, "Franconia": 0.26662528526042906, "French Guiana": -0.23483435780102455, "Fr\u00f8ya": -0.5477952410487114, "Gabon": 0.28808857484609185, "Galicia": -0.2853440592925197, "Gambia": 0.32712813225004866, "Georgia": 0.47391500028916955, "Germany": 1.0725375308057703, "Ghana": 0.2849439661832806, "Gibraltar": -0.697425053329314, "Gozo": -0.20147352675489663, "Greece": 0.4831053542854981, "Greenland": -0.21148727296966235, "Grenada": -0.52512130462876, "Guadeloupe": -0.17824674839038143, "Guam": -0.9659815665113319, "Guatemala": 0.15437787202924086, "Guernsey": 0.21696769783623376, "Guinea": 0.24694011668511145, "Guinea-Bissau": -0.22412466972058792, "Guyana": -0.01191308367658604, "Haiti": 0.4530064162598165, "Hitra": 0.4052617013415089, "Hmong": 0.08159964991124995, "Honduras": 0.12480232633199066, "Hong Kong": -0.34726456235011344, "Hungary": 0.42269031241274596, "Iceland": 0.4140863580026292, "India": -0.47430888246037783, "Indonesia": 0.029005079121259537, "Iran": 0.7646606255660093, "Iraq": 0.22399485916356277, "Isle of Man": 0.9091553415909834, "Isle of Wight": 0.30515352216935776, "Israel": 0.6320385701165323, "Italy": 0.8150057769259501, "Ivory Coast": 0.5334179698378742, "Jamaica": 0.08897296845075311, "Japan": 0.9190527824270907, "Jersey": 0.7674978875503363, "Jordan": 0.4661678406451822, "Kabylia": -0.019635918036732296, "Kazakhstan": -0.003721273205528874, "Kenya": 0.012343059752529266, "Kernow": 0.1260283236034383, "Kosovo": 0.4167117994016049, "Kuwait": 0.06969600898932697, "Kyrgyzstan": 0.035960357922451926, "K\u00e1rp\u00e1talja": 0.3368472443679319, "Laos": -0.7723071644713944, "Latvia": -0.28061256722389527, "Lebanon": -0.26949137341198803, "Lesotho": -0.36724281997461033, "Liberia": -0.1882951183440766, "Libya": 0.09318352069849463, "Liechtenstein": -1.2031361766419135, "Lithuania": -0.3895804481387884, "Luhansk PR": 0.21527715740507603, "Luxembourg": -0.21364706028037117, "Macau": -1.5227448063982043, "Madagascar": 0.15314175686323808, "Malawi": -0.2719484652198232, "Malaysia": -0.011155229965108508, "Maldives": -0.7568009333193744, "Mali": 0.3850160100714678, "Malta": -0.26352637457469746, "Mapuche": 0.1058720386618948, "Marshall Islands": -0.844678282450783, "Martinique": -0.19074530214796218, "Matabeleland": -0.367330983089272, "Maule Sur": -0.10293671117161632, "Mauritania": -0.18089419925985123, "Mauritius": -0.5923962126386517, "Mayotte": -0.2714583632284394, "Menorca": -0.042675972392918406, "Mexico": 0.6992249375175876, "Moldova": -0.2846318494996603, "Mongolia": -0.9975663564601215, "Montenegro": 0.0790442077292172, "Montserrat": -0.5168925478803202, "Morocco": 0.6964399718720076, "Mozambique": 0.09667817920702779, "Myanmar": -0.5598568753293649, "Namibia": -0.1725200269070448, "Nepal": -0.8891491352406485, "Netherlands": 1.0385090234551269, "New Caledonia": -0.12908191752646628, "New Zealand": 0.41990060144678376, "Nicaragua": -0.1862105871756862, "Niger": 0.14045153075989994, "Nigeria": 0.5784851450482039, "North Korea": 0.09160275711199659, "North Macedonia": 0.1750463552429447, "Northern Cyprus": 0.4238318559282996, "Northern Ireland": 0.18340738625417005, "Northern Mariana Islands": -1.0274361875529607, "Norway": 0.8815656013670293, "Oman": 0.03376792202333388, "Orkney": -0.02266125526682284, "Padania": 0.3998054598924416, "Pakistan": -0.9111711040911749, "Palestine": -0.03560612680424681, "Panama": 0.44597418294571156, "Panjab": 0.5905608847908027, "Papua New Guinea": -0.45537892742084435, "Paraguay": 0.4484872356578252, "Parishes of Jersey": 0.33709743538330683, "Peru": 0.34157251572901265, "Philippines": -0.24242211701995312, "Poland": 0.6032097747699667, "Portugal": 1.0779859205057984, "Puerto Rico": -0.269705761167058, "Qatar": 0.4033802322945896, "Raetia": 0.15709666955924861, "Republic of Ireland": 0.23431474596551566, "Romania": 0.3877416463609589, "Russia": 0.6305737836178209, "Rwanda": -0.22234474049843786, "R\u00e9union": -0.08371901545597511, "Saint Barth\u00e9lemy": -0.18437758501737198, "Saint Helena": -0.39706689746986973, "Saint Kitts and Nevis": -0.46439768635721457, "Saint Lucia": -0.6275314905176319, "Saint Martin": -0.3287162475220623, "Saint Vincent and the Grenadines": -0.2564449370782746, "Samoa": -0.9253988379237487, "San Marino": -1.1709961536213118, "Saudi Arabia": 0.23984658170435347, "Scotland": 0.5464621380121528, "Senegal": 0.6884729461111686, "Serbia": 0.6111696195414522, "Seychelles": -0.9236674282175671, "Shetland": 0.4332128264548853, "Sierra Leone": -0.03171933119609751, "Singapore": -0.32681589129187266, "Sint Maarten": -0.43051449335984676, "Slovakia": 0.3794688648924746, "Slovenia": 0.2700490546321832, "Solomon Islands": -0.30322232526882514, "Somalia": -0.6098050592294628, "Somaliland": 0.10301874059768523, "South Africa": 0.23032545809137464, "South Korea": 0.68868740101123, "South Ossetia": 0.2205380056362648, "South Sudan": -0.5156177081507537, "Spain": 1.2065687885447138,