{"since": 2018, "half_life_years": 4.0, "ridge": 1.0, "intercept": 0.16083489748948943, "gamma": 0.2506658811466631, "rho": -0.045338966661613495, "attack": {"Abkhazia": 0.24831756496002794, "Afghanistan": -0.8154624345198812, "Albania": 0.04787361222084257, "Alderney": -0.1534251966386495, "Algeria": 0.8327394839449221, "American Samoa": -1.4047914609231675, "Andorra": -0.9519020618486083, "Angola": 0.12051953796794032, "Anguilla": -1.4830297482690586, "Antigua and Barbuda": -0.8427178727890761, "Argentina": 1.1171651671216838, "Armenia": 0.05869771428952623, "Artsakh": 0.10260868628969427, "Aruba": -0.4469158115500619, "Australia": 0.6946119167707862, "Austria": 0.7263879496336542, "Aymara": -0.1702578724726177, "Azerbaijan": -0.1270149488814321, "Bahamas": -0.9454005717220304, "Bahrain": 0.13985996708014797, "Bangladesh": -0.8801559067844884, "Barawa": -0.08856741309014553, "Barbados": -0.5409385430465061, "Basque Country": 0.6053075776578938, "Belarus": 0.15023769429573186, "Belgium": 1.0144354169172807, "Belize": -0.6348908782887259, "Benin": 0.13335827734879976, "Bermuda": -0.05246246689074402, "Bhutan": -1.273369624096261, "Biafra": -0.28236272495075965, "Bolivia": 0.3083492510483568, "Bonaire": -0.8090099626232578, "Bosnia and Herzegovina": 0.1708433000112785, "Botswana": -0.20962135290412603, "Brazil": 1.1853016126287816, "British Virgin Islands": -0.8979912959290675, "Brunei": -1.0796407716719676, "Bulgaria": 0.08858607414849082, "Burkina Faso": 0.4721345959412853, "Burundi": -0.025951463575378485, "Cambodia": -0.5426567498694971, "Cameroon": 0.32564024423940097, "Canada": 0.6753641243287779, "Cape Verde": 0.21333958040010656, "Cascadia": 0.5421354140001339, "Catalonia": 0.15263809909098386, "Cayman Islands": -1.0823309420376215, "Central African Republic": 0.09154327203935274, "Chad": -0.5314259234384308, "Chagos Islands": -0.06448692835145341, "Chameria": 0.2811331059911981, "Chile": 0.6105666159736836, "China": 0.023805678846806008, "Colombia": 1.0237566745467601, "Comoros": 0.09531421319575592, "Congo": -0.18019939880126473, "Cook Islands": -1.400043945800421, "Costa Rica": 0.38593575712682987, "Croatia": 0.8161893739212437, "Cuba": -0.31275863232243495, "Cura\u00e7ao": 0.14417372969256245, "Cyprus": -0.062112273539608, "Czech Republic": 0.6339859851243052, "DR Congo": 0.22277850629889898, "Denmark": 0.7995954464771811, "Djibouti": -0.35503706130286883, "Dominica": -0.8787837308091986, "Dominican Republic": -0.01458485573860205, "East Turkestan": 0.3575413508056685, "Ecuador": 0.6158984435019951, "Egypt": 0.456660258850921, "El Salvador": -0.35155990469861864, "Elba Island": 0.5225895225513494, "Ellan Vannin": 0.11416339286768827, "England": 0.9931121757289757, "Equatorial Guinea": -0.10602209466857243, "Eritrea": -0.15257230101989763, "Estonia": -0.14702443759888756, "Eswatini": -0.17243033836290025, "Ethiopia": -0.052005034817931756, "Falkland Islands": -0.21711679947861778, "Faroe Islands": -0.22724311142964096, "Fiji": -0.2994000193327981, "Finland": 0.24157213301012437, "France": 1.0500141544510602, "Franconia": 0.2660878325201614, "French Guiana": -0.234765855473789, "Fr\u00f8ya": -0.5485117721122852, "Gabon": 0.2867535901844576, "Galicia": -0.28520709152173745, "Gambia": 0.32594496481866286, "Georgia": 0.4727140336482572, "Germany": 1.071773957694946, "Ghana": 0.2838873258062102, "Gibraltar": -0.6983257035549589, "Gozo": -0.20212518126322132, "Greece": 0.4821352158650156, "Greenland": -0.21180823029926724, "Grenada": -0.525133222897008, "Guadeloupe": -0.17820348867231278, "Guam": -0.9664666635171011, "Guatemala": 0.1545393930048339, "Guernsey": 0.21614241792129574, "Guinea": 0.2455615325328977, "Guinea-Bissau": -0.22552078827596853, "Guyana": -0.011772647669623309, "Haiti": 0.4531281496242251, "Hitra": 0.40473114122021847, "Hmong": 0.08186746542217704, "Honduras": 0.12532664825075945, "Hong Kong": -0.3474915164252193, "Hungary": 0.42154227664882093, "Iceland": 0.4134579481014782, "India": -0.4746201154046482, "Indonesia": 0.028674745456553227, "Iran": 0.7644521335762721, "Iraq": 0.22381365755192742, "Isle of Man": 0.909125808484773, "Isle of Wight": 0.30460546259296944, "Israel": 0.6309200287590351, "Italy": 0.8140522935460667, "Ivory Coast": 0.5322156449303178, "Jamaica": 0.08918279695552098, "Japan": 0.9189705229437297, "Jersey": 0.7669991751206912, "Jordan": 0.46595549139264153, "Kabylia": -0.01944756273206854, "Kazakhstan": -0.004595724106048579, "Kenya": 0.011094239104551162, "Kernow": 0.12598149279508455, "Kosovo": 0.41538730627436893, "Kuwait": 0.06928970776883586, "Kyrgyzstan": 0.03561847750112823, "K\u00e1rp\u00e1talja": 0.3368243361737438, "Laos": -0.7724658176239109, "Latvia": -0.28155576827326473, "Lebanon": -0.2697629342622186, "Lesotho": -0.36883930684300215, "Liberia": -0.18973549667489037, "Libya": 0.09188122591624813, "Liechtenstein": -1.2037767623899025, "Lithuania": -0.3906254957618013, "Luhansk PR": 0.21444840712257657, "Luxembourg": -0.2145935810947161, "Macau": -1.5237929723174748, "Madagascar": 0.15188824296374512, "Malawi": -0.2736172826189557, "Malaysia": -0.011401735971806052, "Maldives": -0.7569273134377036, "Mali": 0.38375329554317195, "Malta": -0.2645328482169116, "Mapuche": 0.10533617766692506, "Marshall Islands": -0.8442787444178701, "Martinique": -0.19036216931479696, "Matabeleland": -0.3672365376568317, "Maule Sur": -0.10297376522178107, "Mauritania": -0.18223319847496836, "Mauritius": -0.5932496028848174, "Mayotte": -0.2722576640814564, "Menorca": -0.04299535663086828, "Mexico": 0.7010070533590262, "Moldova": -0.2856794443791662, "Mongolia": -0.9980103718034093, "Montenegro": 0.07754187251873734, "Montserrat": -0.516823741296602, "Morocco": 0.6949625595072217, "Mozambique": 0.09496831773070213, "Myanmar": -0.5601566583566373, "Namibia": -0.1741293850956832, "Nepal": -0.8893351636584965, "Netherlands": 1.037519045477168, "New Caledonia": -0.128845138066873, "New Zealand": 0.42008120014346245, "Nicaragua": -0.1861714655605934, "Niger": 0.1391146835476659, "Nigeria": 0.5771412471476957, "North Korea": 0.09146883515062063, "North Macedonia": 0.17397964967614052, "Northern Cyprus": 0.42379643983361115, "Northern Ireland": 0.18240971325555205, "Northern Mariana Islands": -1.0278506127326346, "Norway": 0.8806182348375431, "Oman": 0.03347184667295816, "Orkney": -0.023625988933869465, "Padania": 0.3996463823895846, "Pakistan": -0.9118090871177302, "Palestine": -0.03577995524430681, "Panama": 0.44629263186033535, "Panjab": 0.5906679437690996, "Papua New Guinea": -0.4549692308506019, "Paraguay": 0.4486944390225995, "Parishes of Jersey": 0.3368183127254927, "Peru": 0.34162372698250115, "Philippines": -0.24258332219459122, "Poland": 0.6020881058101284, "Portugal": 1.0770433229484109, "Puerto Rico": -0.26963791634199263, "Qatar": 0.40322124833914, "Raetia": 0.1575371123264114, "Republic of Ireland": 0.23320340033156411, "Romania": 0.3867915452933385, "Russia": 0.6299454897568144, "Rwanda": -0.22382307101482957, "R\u00e9union": -0.08465808998139657, "Saint Barth\u00e9lemy": -0.18437630026530075, "Saint Helena": -0.39748788225911247, "Saint Kitts and Nevis": -0.4643745096363065, "Saint Lucia": -0.6275563949232099, "Saint Martin": -0.32867367320574387, "Saint Vincent and the Grenadines": -0.25644011573731, "Samoa": -0.9253394968898043, "San Marino": -1.1714677649666343, "Saudi Arabia": 0.23963913924741462, "Scotland": 0.5454189529483278, "Senegal": 0.6871322226604271, "Serbia": 0.6104612778167562, "Seychelles": -0.9259678140323112, "Shetland": 0.43293808898768577, "Sierra Leone": -0.03304182854320515, "Singapore": -0.3270056288866212, "Sint Maarten": -0.430541151732436, "Slovakia": 0.3782544481880987, "Slovenia": 0.269057834776252, "Solomon Islands": -0.3029193258847459, "Somalia": -0.6122558719927411, "Somaliland": 0.1026104747478811, "South Africa": 0.2209275116214032, "South Korea": 0.6943915225998323, "South Ossetia": 0.22015176940341577, "South Sudan": -0.5169137749859237, "Spain": 1.2056426257501252,